,serum,virus,replicate,concentration,fraction infectivity
0,287C,V42F,1,0.033,0.010252993
1,287C,V42F,1,0.011,0.062775725
2,287C,V42F,1,0.003666667,0.392653906
3,287C,V42F,1,0.001222222,0.633199249
4,287C,V42F,1,0.000407407,0.88663895
5,287C,V42F,1,0.000135802,0.965679888
6,287C,V42F,1,4.53E-05,1.031655038
7,287C,V42F,1,1.51E-05,0.926310485
8,287C,V42F,2,0.033,0.010282781
9,287C,V42F,2,0.011,0.071870652
10,287C,V42F,2,0.003666667,0.375116946
11,287C,V42F,2,0.001222222,0.715439612
12,287C,V42F,2,0.000407407,0.853406388
13,287C,V42F,2,0.000135802,0.923618056
14,287C,V42F,2,4.53E-05,0.965802686
15,287C,V42F,2,1.51E-05,1.073689515
16,287C,Y200C,1,0.033,3.97E-03
17,287C,Y200C,1,0.011,3.31E-02
18,287C,Y200C,1,0.003666667,0.233758525
19,287C,Y200C,1,0.000407407,0.815127219
20,287C,Y200C,1,0.000135802,0.817129295
21,287C,Y200C,1,4.53E-05,1.007627386
22,287C,Y200C,1,1.51E-05,0.986019219
23,287C,Y200C,2,0.033,0.001250417
24,287C,Y200C,2,0.011,0.023258332
25,287C,Y200C,2,0.003666667,0.265463009
26,287C,Y200C,2,0.000407407,0.849628193
27,287C,Y200C,2,0.000135802,0.785869955
28,287C,Y200C,2,4.53E-05,0.906116832
29,287C,Y200C,2,1.51E-05,1.007248312
30,287C,N234T,1,0.033,7.99E-03
31,287C,N234T,1,0.011,4.20E-02
32,287C,N234T,1,0.003666667,0.223026225
33,287C,N234T,1,0.001222222,0.491597936
34,287C,N234T,1,0.000407407,0.745776841
35,287C,N234T,1,0.000135802,0.880770759
36,287C,N234T,1,4.53E-05,0.940750217
37,287C,N234T,1,1.51E-05,0.965660011
38,287C,N234T,2,0.033,0.008841516
39,287C,N234T,2,0.011,0.052736228
40,287C,N234T,2,0.003666667,0.265222823
41,287C,N234T,2,0.001222222,0.493254884
42,287C,N234T,2,0.000407407,0.761253352
43,287C,N234T,2,0.000135802,0.923533395
44,287C,N234T,2,4.53E-05,0.941963597
45,287C,N234T,2,1.51E-05,1.034339989
46,287C,R357H,1,0.033,5.78E-03
47,287C,R357H,1,0.011,0.077652293
48,287C,R357H,1,0.003666667,0.213305243
49,287C,R357H,1,0.001222222,0.601421134
50,287C,R357H,1,0.000407407,0.693361469
51,287C,R357H,1,0.000135802,0.866830911
52,287C,R357H,1,4.53E-05,0.88142113
53,287C,R357H,1,1.51E-05,0.946502529
54,287C,R357H,2,0.033,0.001918243
55,287C,R357H,2,0.011,0.087607519
56,287C,R357H,2,0.003666667,0.269399118
57,287C,R357H,2,0.001222222,0.555644508
58,287C,R357H,2,0.000407407,0.728846616
59,287C,R357H,2,0.000135802,0.858814751
60,287C,R357H,2,4.53E-05,1.005439951
61,287C,R357H,2,1.51E-05,0.990716734
62,287C,R403K,1,0.033,1.99E-05
63,287C,R403K,1,0.011,2.25E-03
64,287C,R403K,1,0.003666667,0.023037784
65,287C,R403K,1,0.001222222,0.19823374
66,287C,R403K,1,0.000407407,0.552870941
67,287C,R403K,1,0.000135802,0.750160484
68,287C,R403K,1,4.53E-05,0.860975353
69,287C,R403K,1,1.51E-05,0.907732685
70,287C,R403K,2,0.033,0
71,287C,R403K,2,0.011,0.005625113
72,287C,R403K,2,0.003666667,0.043896484
73,287C,R403K,2,0.001222222,0.193249663
74,287C,R403K,2,0.000407407,0.410103672
75,287C,R403K,2,0.000135802,0.704186523
76,287C,R403K,2,4.53E-05,0.847061343
77,287C,R403K,2,1.51E-05,0.925479936
78,287C,N405K,1,0.033,2.97E-05
79,287C,N405K,1,0.011,1.90E-05
80,287C,N405K,1,0.003666667,0.007113576
81,287C,N405K,1,0.001222222,0.084142438
82,287C,N405K,1,0.000407407,0.305252106
83,287C,N405K,1,0.000135802,0.543205746
84,287C,N405K,1,4.53E-05,0.790137373
85,287C,N405K,1,1.51E-05,0.753843429
86,287C,N405K,2,0.033,1.35E-05
87,287C,N405K,2,0.011,0.002159564
88,287C,N405K,2,0.003666667,0.008156448
89,287C,N405K,2,0.001222222,0.05967501
90,287C,N405K,2,0.000407407,0.2380529
91,287C,N405K,2,0.000135802,0.58557886
92,287C,N405K,2,4.53E-05,0.848090442
93,287C,N405K,2,1.51E-05,0.846981782
94,287C,D420N,1,0.033,0.020305675
95,287C,D420N,1,0.011,0.093651759
96,287C,D420N,1,0.003666667,0.277598367
97,287C,D420N,1,0.001222222,0.627720414
98,287C,D420N,1,0.000407407,0.775117081
99,287C,D420N,1,0.000135802,0.808646836
100,287C,D420N,1,4.53E-05,0.951517808
101,287C,D420N,1,1.51E-05,0.893386854
102,287C,D420N,2,0.033,0.00935688
103,287C,D420N,2,0.011,0.087221249
104,287C,D420N,2,0.003666667,0.240063869
105,287C,D420N,2,0.001222222,0.593005972
106,287C,D420N,2,0.000407407,0.785816573
107,287C,D420N,2,0.000135802,0.951459845
108,287C,D420N,2,4.53E-05,0.904827155
109,287C,D420N,2,1.51E-05,1.02728659
110,287C,K444M,1,0.033,0.001452836
111,287C,K444M,1,0.011,0.039602595
112,287C,K444M,1,0.003666667,0.311575855
113,287C,K444M,1,0.001222222,0.651733814
114,287C,K444M,1,0.000407407,0.815739272
115,287C,K444M,1,0.000135802,0.870727489
116,287C,K444M,1,4.53E-05,0.984044716
117,287C,K444M,1,1.51E-05,1.029906313
118,287C,K444M,2,0.033,0.002349426
119,287C,K444M,2,0.011,0.047866147
120,287C,K444M,2,0.003666667,0.209532913
121,287C,K444M,2,0.001222222,0.580552181
122,287C,K444M,2,0.000407407,0.801159099
123,287C,K444M,2,0.000135802,0.877060395
124,287C,K444M,2,4.53E-05,1.014905991
125,287C,K444M,2,1.51E-05,0.96575682
126,287C,L455F,1,0.033,5.50E-03
127,287C,L455F,1,0.011,6.99E-02
128,287C,L455F,1,0.003666667,0.280227317
129,287C,L455F,1,0.001222222,0.654899309
130,287C,L455F,1,0.000407407,0.863143467
131,287C,L455F,1,0.000135802,0.94062132
132,287C,L455F,1,4.53E-05,1.017106424
133,287C,L455F,1,1.51E-05,0.874121722
134,287C,L455F,2,0.033,0.004121668
135,287C,L455F,2,0.011,0.058656408
136,287C,L455F,2,0.003666667,0.287543275
137,287C,L455F,2,0.001222222,0.682190958
138,287C,L455F,2,0.000407407,0.727796774
139,287C,L455F,2,0.000135802,0.833652146
140,287C,L455F,2,4.53E-05,0.905362712
141,287C,L455F,2,1.51E-05,0.950746282
142,287C,F456L,1,0.033,4.65E-03
143,287C,F456L,1,0.011,4.70E-02
144,287C,F456L,1,0.003666667,2.06E-01
145,287C,F456L,1,0.001222222,0.543340593
146,287C,F456L,1,0.000407407,0.84936328
147,287C,F456L,1,0.000135802,1.01185374
148,287C,F456L,1,4.53E-05,1.101883842
149,287C,F456L,1,1.51E-05,0.979786053
150,287C,F456L,2,0.033,0.001560964
151,287C,F456L,2,0.011,0.05106223
152,287C,F456L,2,0.003666667,0.213440776
153,287C,F456L,2,0.001222222,0.584398654
154,287C,F456L,2,0.000407407,0.792855022
155,287C,F456L,2,0.000135802,0.991185441
156,287C,F456L,2,4.53E-05,1.011472657
157,287C,F456L,2,1.51E-05,0.947239531
158,287C,T572K,1,0.033,0.015943361
159,287C,T572K,1,0.011,0.064732274
160,287C,T572K,1,0.003666667,0.21501837
161,287C,T572K,1,0.001222222,0.497457201
162,287C,T572K,1,0.000407407,0.742959552
163,287C,T572K,1,0.000135802,0.8817683
164,287C,T572K,1,4.53E-05,0.933459589
165,287C,T572K,1,1.51E-05,0.923761077
166,287C,T572K,2,0.033,0.006961671
167,287C,T572K,2,0.011,0.07117104
168,287C,T572K,2,0.003666667,0.216315063
169,287C,T572K,2,0.001222222,0.451175787
170,287C,T572K,2,0.000407407,0.942379687
171,287C,T572K,2,0.000135802,0.882703343
172,287C,T572K,2,4.53E-05,1.028269826
173,287C,T572K,2,1.51E-05,0.893762729
174,287C,A852V,1,0.033,4.52E-03
175,287C,A852V,1,0.011,6.63E-02
176,287C,A852V,1,0.003666667,2.64E-01
177,287C,A852V,1,0.001222222,0.51654893
178,287C,A852V,1,0.000407407,0.731047332
179,287C,A852V,1,0.000135802,0.861377352
180,287C,A852V,1,4.53E-05,0.929196839
181,287C,A852V,1,1.51E-05,0.842846997
182,287C,A852V,2,0.033,4.05E-06
183,287C,A852V,2,0.011,0.063183012
184,287C,A852V,2,0.003666667,0.255863354
185,287C,A852V,2,0.001222222,0.537915548
186,287C,A852V,2,0.000407407,0.706892785
187,287C,A852V,2,0.000135802,0.989963533
188,287C,A852V,2,4.53E-05,0.9342182
189,287C,A852V,2,1.51E-05,0.874741129
190,287C,Y473S,1,0.033,2.57E-02
191,287C,Y473S,1,0.011,2.83E-01
192,287C,Y473S,1,0.003666667,6.26E-01
193,287C,Y473S,1,0.001222222,0.805633109
194,287C,Y473S,1,0.000407407,0.850497891
195,287C,Y473S,1,0.000135802,0.898893588
196,287C,Y473S,1,4.53E-05,0.917008177
197,287C,Y473S,1,1.51E-05,0.980644791
198,287C,Y473S,2,0.033,0.02272566
199,287C,Y473S,2,0.011,0.235346081
200,287C,Y473S,2,0.003666667,0.506046132
201,287C,Y473S,2,0.001222222,0.823519759
202,287C,Y473S,2,0.000407407,0.929074116
203,287C,Y473S,2,0.000135802,0.953676819
204,287C,Y473S,2,4.53E-05,0.875734605
205,287C,Y473S,2,1.51E-05,0.891978321
206,287C,WT,1,0.033,6.03E-05
207,287C,WT,1,0.011,1.21E-02
208,287C,WT,1,0.003666667,0.13426784
209,287C,WT,1,0.001222222,0.456813616
210,287C,WT,1,0.000407407,0.715762556
211,287C,WT,1,0.000135802,0.854494855
212,287C,WT,1,4.53E-05,0.86391713
213,287C,WT,1,1.51E-05,0.951977035
214,287C,WT,2,0.033,8.35E-05
215,287C,WT,2,0.011,0.014806491
216,287C,WT,2,0.003666667,0.116099458
217,287C,WT,2,0.001222222,0.469267846
218,287C,WT,2,0.000407407,0.638085428
219,287C,WT,2,0.000135802,0.919565908
220,287C,WT,2,4.53E-05,0.884230695
221,287C,WT,2,1.51E-05,0.990827989
222,500C,V42F,1,0.033,0.003770574
223,500C,V42F,1,0.011,0.034099791
224,500C,V42F,1,0.003666667,0.286091663
225,500C,V42F,1,0.001222222,0.624634468
226,500C,V42F,1,0.000407407,0.754685122
227,500C,V42F,1,0.000135802,0.928476574
228,500C,V42F,1,4.53E-05,0.979432329
229,500C,V42F,1,1.51E-05,0.975979792
230,500C,V42F,2,0.033,0.001238919
231,500C,V42F,2,0.011,0.039458159
232,500C,V42F,2,0.003666667,0.317566808
233,500C,V42F,2,0.001222222,0.71646941
234,500C,V42F,2,0.000407407,0.957891358
235,500C,V42F,2,0.000135802,1.148768711
236,500C,V42F,2,4.53E-05,1.276050269
237,500C,V42F,2,1.51E-05,1.221388914
238,500C,Y200C,1,0.033,0.000527462
239,500C,Y200C,1,0.011,0.003173559
240,500C,Y200C,1,0.003666667,0.069619341
241,500C,Y200C,1,0.000407407,0.538383724
242,500C,Y200C,1,0.000135802,0.730643536
243,500C,Y200C,1,4.53E-05,0.941173788
244,500C,Y200C,1,1.51E-05,1.038027643
245,500C,Y200C,2,0.033,2.58E-05
246,500C,Y200C,2,0.011,0.001626154
247,500C,Y200C,2,0.003666667,0.046211552
248,500C,Y200C,2,0.000407407,0.453923491
249,500C,Y200C,2,0.000135802,0.669637149
250,500C,Y200C,2,4.53E-05,0.82228606
251,500C,Y200C,2,1.51E-05,0.902375122
252,500C,N234T,1,0.033,0.00440893
253,500C,N234T,1,0.011,0.043426592
254,500C,N234T,1,0.003666667,0.288822128
255,500C,N234T,1,0.001222222,0.603299062
256,500C,N234T,1,0.000407407,0.797755009
257,500C,N234T,1,0.000135802,0.931915114
258,500C,N234T,1,4.53E-05,1.0027918
259,500C,N234T,1,1.51E-05,0.984774312
260,500C,N234T,2,0.033,0.002949402
261,500C,N234T,2,0.011,0.027125101
262,500C,N234T,2,0.003666667,0.320539213
263,500C,N234T,2,0.001222222,0.610364706
264,500C,N234T,2,0.000407407,0.819637164
265,500C,N234T,2,0.000135802,0.938541235
266,500C,N234T,2,4.53E-05,0.864476298
267,500C,N234T,2,1.51E-05,1.015225688
268,500C,R357H,1,0.033,0.000727043
269,500C,R357H,1,0.011,0.008118455
270,500C,R357H,1,0.003666667,0.113201869
271,500C,R357H,1,0.001222222,0.426356782
272,500C,R357H,1,0.000407407,0.650500004
273,500C,R357H,1,0.000135802,0.869902932
274,500C,R357H,1,4.53E-05,0.935987424
275,500C,R357H,1,1.51E-05,1.075084347
276,500C,R357H,2,0.033,3.70E-05
277,500C,R357H,2,0.011,0.00643061
278,500C,R357H,2,0.003666667,0.095670693
279,500C,R357H,2,0.001222222,0.388784743
280,500C,R357H,2,0.000407407,0.644278078
281,500C,R357H,2,0.000135802,0.749079066
282,500C,R357H,2,4.53E-05,0.878120964
283,500C,R357H,2,1.51E-05,1.018162472
284,500C,R403K,1,0.033,1.99E-05
285,500C,R403K,1,0.011,2.77E-05
286,500C,R403K,1,0.003666667,0.004256311
287,500C,R403K,1,0.001222222,0.06288971
288,500C,R403K,1,0.000407407,0.249201183
289,500C,R403K,1,0.000135802,0.54306534
290,500C,R403K,1,4.53E-05,0.746832287
291,500C,R403K,1,1.51E-05,0.939897762
292,500C,R403K,2,0.033,3.31E-05
293,500C,R403K,2,0.011,2.15E-05
294,500C,R403K,2,0.003666667,0.000796322
295,500C,R403K,2,0.001222222,0.038421057
296,500C,R403K,2,0.000407407,0.232767898
297,500C,R403K,2,0.000135802,0.542673874
298,500C,R403K,2,4.53E-05,0.905889695
299,500C,R403K,2,1.51E-05,0.924047509
300,500C,N405K,1,0.033,8.10E-06
301,500C,N405K,1,0.011,3.80E-06
302,500C,N405K,1,0.003666667,1.70E-05
303,500C,N405K,1,0.001222222,0.008053993
304,500C,N405K,1,0.000407407,0.090164104
305,500C,N405K,1,0.000135802,0.285386868
306,500C,N405K,1,4.53E-05,0.646379113
307,500C,N405K,1,1.51E-05,0.858177347
308,500C,N405K,2,0.033,2.70E-06
309,500C,N405K,2,0.011,1.14E-05
310,500C,N405K,2,0.003666667,5.09E-05
311,500C,N405K,2,0.001222222,0.010762614
312,500C,N405K,2,0.000407407,0.068540893
313,500C,N405K,2,0.000135802,0.3994787
314,500C,N405K,2,4.53E-05,0.795095894
315,500C,N405K,2,1.51E-05,0.778995681
316,500C,D420N,1,0.033,0.010660771
317,500C,D420N,1,0.011,0.08245202
318,500C,D420N,1,0.003666667,0.391221225
319,500C,D420N,1,0.001222222,0.738834065
320,500C,D420N,1,0.000407407,0.84328675
321,500C,D420N,1,0.000135802,0.905221616
322,500C,D420N,1,4.53E-05,0.918993504
323,500C,D420N,1,1.51E-05,0.944408335
324,500C,D420N,2,0.033,0.007107181
325,500C,D420N,2,0.011,0.044351842
326,500C,D420N,2,0.003666667,0.427658112
327,500C,D420N,2,0.001222222,0.702207098
328,500C,D420N,2,0.000407407,0.772466405
329,500C,D420N,2,0.000135802,0.871405256
330,500C,D420N,2,4.53E-05,0.964028792
331,500C,D420N,2,1.51E-05,0.963432872
332,500C,K444M,1,0.033,1.80E-05
333,500C,K444M,1,0.011,0.000627732
334,500C,K444M,1,0.003666667,0.004892522
335,500C,K444M,1,0.001222222,0.113886197
336,500C,K444M,1,0.000407407,0.432573003
337,500C,K444M,1,0.000135802,0.665750421
338,500C,K444M,1,4.53E-05,0.89811836
339,500C,K444M,1,1.51E-05,0.998860897
340,500C,K444M,2,0.033,1.50E-05
341,500C,K444M,2,0.011,0.000634073
342,500C,K444M,2,0.003666667,0.0063661
343,500C,K444M,2,0.001222222,0.106601366
344,500C,K444M,2,0.000407407,0.420332468
345,500C,K444M,2,0.000135802,0.727079698
346,500C,K444M,2,4.53E-05,0.914164073
347,500C,K444M,2,1.51E-05,0.974545393
348,500C,L455F,1,0.033,0.000676971
349,500C,L455F,1,0.011,0.008064697
350,500C,L455F,1,0.003666667,0.194233706
351,500C,L455F,1,0.001222222,0.587785126
352,500C,L455F,1,0.000407407,0.777964103
353,500C,L455F,1,0.000135802,0.891213797
354,500C,L455F,1,4.53E-05,0.878237747
355,500C,L455F,1,1.51E-05,0.993456741
356,500C,L455F,2,0.033,0.000794163
357,500C,L455F,2,0.011,0.008431739
358,500C,L455F,2,0.003666667,0.138651089
359,500C,L455F,2,0.001222222,0.582370075
360,500C,L455F,2,0.000407407,0.772617312
361,500C,L455F,2,0.000135802,0.921745026
362,500C,L455F,2,4.53E-05,0.927802911
363,500C,L455F,2,1.51E-05,0.992073438
364,500C,F456L,1,0.033,0.003061788
365,500C,F456L,1,0.011,0.008063679
366,500C,F456L,1,0.003666667,0.111582718
367,500C,F456L,1,0.001222222,0.364959881
368,500C,F456L,1,0.000407407,0.717268164
369,500C,F456L,1,0.000135802,0.993232917
370,500C,F456L,1,4.53E-05,0.962825996
371,500C,F456L,1,1.51E-05,0.97711155
372,500C,F456L,2,0.033,0.003061788
373,500C,F456L,2,0.011,0.006410335
374,500C,F456L,2,0.003666667,0.086553417
375,500C,F456L,2,0.001222222,0.360197481
376,500C,F456L,2,0.000407407,0.738695451
377,500C,F456L,2,0.000135802,0.835139446
378,500C,F456L,2,4.53E-05,1.037274706
379,500C,F456L,2,1.51E-05,1.00419953
380,500C,T572K,1,0.033,1.97E-05
381,500C,T572K,1,0.011,0.016070739
382,500C,T572K,1,0.003666667,0.135396406
383,500C,T572K,1,0.001222222,0.467227978
384,500C,T572K,1,0.000407407,0.701602168
385,500C,T572K,1,0.000135802,0.775610743
386,500C,T572K,1,4.53E-05,0.960352946
387,500C,T572K,1,1.51E-05,1.01447168
388,500C,T572K,2,0.033,0.013036506
389,500C,T572K,2,0.011,0.00311905
390,500C,T572K,2,0.003666667,0.12197646
391,500C,T572K,2,0.001222222,0.396948641
392,500C,T572K,2,0.000407407,0.674513081
393,500C,T572K,2,0.000135802,0.816361847
394,500C,T572K,2,4.53E-05,1.013176131
395,500C,T572K,2,1.51E-05,0.991422491
396,500C,A852V,1,0.033,4.05E-06
397,500C,A852V,1,0.011,0.013168317
398,500C,A852V,1,0.003666667,0.188357117
399,500C,A852V,1,0.001222222,0.469032626
400,500C,A852V,1,0.000407407,0.641878252
401,500C,A852V,1,0.000135802,1.017487172
402,500C,A852V,1,4.53E-05,0.988350048
403,500C,A852V,1,1.51E-05,0.981890451
404,500C,A852V,2,0.033,0.007501438
405,500C,A852V,2,0.011,0.004670996
406,500C,A852V,2,0.003666667,0.144613958
407,500C,A852V,2,0.001222222,0.478662388
408,500C,A852V,2,0.000407407,0.749178973
409,500C,A852V,2,0.000135802,0.89218866
410,500C,A852V,2,4.53E-05,1.083570069
411,500C,A852V,2,1.51E-05,0.974155647
412,500C,Y473S,1,0.033,0.079551638
413,500C,Y473S,1,0.011,0.08853642
414,500C,Y473S,1,0.003666667,0.349075891
415,500C,Y473S,1,0.001222222,0.536681534
416,500C,Y473S,1,0.000407407,0.706807955
417,500C,Y473S,1,0.000135802,0.953137313
418,500C,Y473S,1,4.53E-05,0.932532218
419,500C,Y473S,1,1.51E-05,0.937133115
420,500C,Y473S,2,0.033,0.057365375
421,500C,Y473S,2,0.011,0.052302989
422,500C,Y473S,2,0.003666667,0.259880416
423,500C,Y473S,2,0.001222222,0.535947653
424,500C,Y473S,2,0.000407407,0.763352244
425,500C,Y473S,2,0.000135802,0.766854786
426,500C,Y473S,2,4.53E-05,0.867930831
427,500C,Y473S,2,1.51E-05,0.942490912
428,500C,WT,1,0.033,0.00080243
429,500C,WT,1,0.011,0.000789679
430,500C,WT,1,0.003666667,0.015634589
431,500C,WT,1,0.001222222,0.114089978
432,500C,WT,1,0.000407407,0.459583572
433,500C,WT,1,0.000135802,0.754144297
434,500C,WT,1,4.53E-05,0.826912342
435,500C,WT,1,1.51E-05,0.97780818
436,500C,WT,2,0.033,1.39E-05
437,500C,WT,2,0.011,3.04E-06
438,500C,WT,2,0.003666667,0.012651253
439,500C,WT,2,0.001222222,0.127607526
440,500C,WT,2,0.000407407,0.49324976
441,500C,WT,2,0.000135802,0.732922436
442,500C,WT,2,4.53E-05,0.894517702
443,500C,WT,2,1.51E-05,1.023245587
444,501C,V42F,1,0.033,0.012016066
445,501C,V42F,1,0.011,0.096367481
446,501C,V42F,1,0.003666667,0.627794263
447,501C,V42F,1,0.001222222,0.865707162
448,501C,V42F,1,0.000407407,0.91169131
449,501C,V42F,1,0.000135802,1.042798874
450,501C,V42F,1,4.53E-05,1.068443939
451,501C,V42F,1,1.51E-05,1.01911496
452,501C,V42F,2,0.033,0.011696777
453,501C,V42F,2,0.011,0.13256368
454,501C,V42F,2,0.003666667,0.747841163
455,501C,V42F,2,0.001222222,1.097645386
456,501C,V42F,2,0.000407407,1.088418543
457,501C,V42F,2,0.000135802,1.199509053
458,501C,V42F,2,4.53E-05,1.282548209
459,501C,V42F,2,1.51E-05,1.16785827
460,501C,Y200C,1,0.033,1.11E-05
461,501C,Y200C,1,0.011,0.023029962
462,501C,Y200C,1,0.003666667,0.326053186
463,501C,Y200C,1,0.000407407,0.907423527
464,501C,Y200C,1,0.000135802,0.90937127
465,501C,Y200C,1,4.53E-05,0.960238107
466,501C,Y200C,1,1.51E-05,0.988315027
467,501C,Y200C,2,0.033,7.38E-06
468,501C,Y200C,2,0.011,0.019946963
469,501C,Y200C,2,0.003666667,0.219227158
470,501C,Y200C,2,0.000407407,0.790802021
471,501C,Y200C,2,0.000135802,0.893246739
472,501C,Y200C,2,4.53E-05,1.028685602
473,501C,Y200C,2,1.51E-05,1.009189351
474,501C,N234T,1,0.033,0.008741363
475,501C,N234T,1,0.011,0.142925601
476,501C,N234T,1,0.003666667,0.604411414
477,501C,N234T,1,0.001222222,0.830560704
478,501C,N234T,1,0.000407407,0.894476513
479,501C,N234T,1,0.000135802,1.105432854
480,501C,N234T,1,4.53E-05,1.005902581
481,501C,N234T,1,1.51E-05,1.028712839
482,501C,N234T,2,0.033,0.014716665
483,501C,N234T,2,0.011,0.113534848
484,501C,N234T,2,0.003666667,0.59029448
485,501C,N234T,2,0.001222222,0.841802219
486,501C,N234T,2,0.000407407,0.88484998
487,501C,N234T,2,0.000135802,1.02310577
488,501C,N234T,2,4.53E-05,0.964021798
489,501C,N234T,2,1.51E-05,0.912676947
490,501C,R357H,1,0.033,0.003109443
491,501C,R357H,1,0.011,0.044334552
492,501C,R357H,1,0.003666667,0.40482001
493,501C,R357H,1,0.001222222,0.839025991
494,501C,R357H,1,0.000407407,0.80451206
495,501C,R357H,1,0.000135802,0.897443568
496,501C,R357H,1,4.53E-05,1.115278704
497,501C,R357H,1,1.51E-05,1.112224145
498,501C,R357H,2,0.033,0.000513448
499,501C,R357H,2,0.011,0.037231859
500,501C,R357H,2,0.003666667,0.326029495
501,501C,R357H,2,0.001222222,0.746574377
502,501C,R357H,2,0.000407407,0.819739486
503,501C,R357H,2,0.000135802,1.03131176
504,501C,R357H,2,4.53E-05,0.941938369
505,501C,R357H,2,1.51E-05,1.083596533
506,501C,R403K,1,0.033,9.94E-06
507,501C,R403K,1,0.011,0.000421345
508,501C,R403K,1,0.003666667,0.051307218
509,501C,R403K,1,0.001222222,0.291229682
510,501C,R403K,1,0.000407407,0.698307004
511,501C,R403K,1,0.000135802,0.833748298
512,501C,R403K,1,4.53E-05,0.918093734
513,501C,R403K,1,1.51E-05,0.981428459
514,501C,R403K,2,0.033,0
515,501C,R403K,2,0.011,0.002598809
516,501C,R403K,2,0.003666667,0.035599919
517,501C,R403K,2,0.001222222,0.226816139
518,501C,R403K,2,0.000407407,0.588224192
519,501C,R403K,2,0.000135802,0.811331928
520,501C,R403K,2,4.53E-05,0.976610878
521,501C,R403K,2,1.51E-05,1.031376275
522,501C,N405K,1,0.033,1.08E-05
523,501C,N405K,1,0.011,0.000863065
524,501C,N405K,1,0.003666667,0.03431304
525,501C,N405K,1,0.001222222,0.201385754
526,501C,N405K,1,0.000407407,0.505995088
527,501C,N405K,1,0.000135802,0.878365794
528,501C,N405K,1,4.53E-05,1.069230513
529,501C,N405K,1,1.51E-05,1.023209048
530,501C,N405K,2,0.033,5.40E-06
531,501C,N405K,2,0.011,1.52E-05
532,501C,N405K,2,0.003666667,0.018368965
533,501C,N405K,2,0.001222222,0.154059001
534,501C,N405K,2,0.000407407,0.427837242
535,501C,N405K,2,0.000135802,0.660712993
536,501C,N405K,2,4.53E-05,0.965945562
537,501C,N405K,2,1.51E-05,0.979458299
538,501C,D420N,1,0.033,0.006141912
539,501C,D420N,1,0.011,0.028893579
540,501C,D420N,1,0.003666667,0.285607334
541,501C,D420N,1,0.001222222,0.715324537
542,501C,D420N,1,0.000407407,0.895763538
543,501C,D420N,1,0.000135802,0.933319048
544,501C,D420N,1,4.53E-05,0.973105639
545,501C,D420N,1,1.51E-05,1.056509546
546,501C,D420N,2,0.033,0.000323054
547,501C,D420N,2,0.011,0.028494156
548,501C,D420N,2,0.003666667,0.202328459
549,501C,D420N,2,0.001222222,0.770881363
550,501C,D420N,2,0.000407407,0.952846562
551,501C,D420N,2,0.000135802,0.960091286
552,501C,D420N,2,4.53E-05,1.028002902
553,501C,D420N,2,1.51E-05,1.078057123
554,501C,K444M,1,0.033,0.000950565
555,501C,K444M,1,0.011,0.016764882
556,501C,K444M,1,0.003666667,0.121185663
557,501C,K444M,1,0.001222222,0.452219311
558,501C,K444M,1,0.000407407,0.682819737
559,501C,K444M,1,0.000135802,0.851475516
560,501C,K444M,1,4.53E-05,0.972698011
561,501C,K444M,1,1.51E-05,0.962965215
562,501C,K444M,2,0.033,0.000865104
563,501C,K444M,2,0.011,0.021035361
564,501C,K444M,2,0.003666667,0.104715907
565,501C,K444M,2,0.001222222,0.375446334
566,501C,K444M,2,0.000407407,0.746614303
567,501C,K444M,2,0.000135802,0.823449202
568,501C,K444M,2,4.53E-05,0.933020392
569,501C,K444M,2,1.51E-05,0.906006679
570,501C,L455F,1,0.033,0.002507161
571,501C,L455F,1,0.011,0.026927083
572,501C,L455F,1,0.003666667,0.175499628
573,501C,L455F,1,0.001222222,0.70313602
574,501C,L455F,1,0.000407407,0.888360318
575,501C,L455F,1,0.000135802,1.037035479
576,501C,L455F,1,4.53E-05,0.965453716
577,501C,L455F,1,1.51E-05,1.09592972
578,501C,L455F,2,0.033,0.000199476
579,501C,L455F,2,0.011,0.011726166
580,501C,L455F,2,0.003666667,0.200382595
581,501C,L455F,2,0.001222222,0.611714799
582,501C,L455F,2,0.000407407,0.831417481
583,501C,L455F,2,0.000135802,0.939607898
584,501C,L455F,2,4.53E-05,0.966007457
585,501C,L455F,2,1.51E-05,1.02973931
586,501C,F456L,1,0.033,0.002953537
587,501C,F456L,1,0.011,0.011992257
588,501C,F456L,1,0.003666667,0.131996047
589,501C,F456L,1,0.001222222,0.517391372
590,501C,F456L,1,0.000407407,0.864008525
591,501C,F456L,1,0.000135802,0.988624093
592,501C,F456L,1,4.53E-05,0.942966646
593,501C,F456L,1,1.51E-05,0.942948069
594,501C,F456L,2,0.033,0.000721679
595,501C,F456L,2,0.011,0.015236292
596,501C,F456L,2,0.003666667,0.13521505
597,501C,F456L,2,0.001222222,0.514689649
598,501C,F456L,2,0.000407407,0.724696513
599,501C,F456L,2,0.000135802,0.972182885
600,501C,F456L,2,4.53E-05,0.882890391
601,501C,F456L,2,1.51E-05,0.974636559
602,501C,T572K,1,0.033,0.010129651
603,501C,T572K,1,0.011,0.040569456
604,501C,T572K,1,0.003666667,0.385363157
605,501C,T572K,1,0.001222222,0.750921095
606,501C,T572K,1,0.000407407,0.863033823
607,501C,T572K,1,0.000135802,1.078927353
608,501C,T572K,1,4.53E-05,1.077457235
609,501C,T572K,1,1.51E-05,1.12829569
610,501C,T572K,2,0.033,0.020988479
611,501C,T572K,2,0.011,0.030867685
612,501C,T572K,2,0.003666667,0.286315728
613,501C,T572K,2,0.001222222,0.642784138
614,501C,T572K,2,0.000407407,0.978265833
615,501C,T572K,2,0.000135802,0.980068709
616,501C,T572K,2,4.53E-05,1.0974635
617,501C,T572K,2,1.51E-05,1.034310038
618,501C,A852V,1,0.033,0.008469496
619,501C,A852V,1,0.011,0.014024667
620,501C,A852V,1,0.003666667,0.314959419
621,501C,A852V,1,0.001222222,0.786066226
622,501C,A852V,1,0.000407407,0.844332508
623,501C,A852V,1,0.000135802,1.023279924
624,501C,A852V,1,4.53E-05,1.055466265
625,501C,A852V,1,1.51E-05,1.068875171
626,501C,A852V,2,0.033,0.018231086
627,501C,A852V,2,0.011,0.037118852
628,501C,A852V,2,0.003666667,0.237689964
629,501C,A852V,2,0.001222222,0.76048916
630,501C,A852V,2,0.000407407,0.935480093
631,501C,A852V,2,0.000135802,0.951140801
632,501C,A852V,2,4.53E-05,1.078434047
633,501C,A852V,2,1.51E-05,1.055999745
634,501C,Y473S,1,0.033,0.013314596
635,501C,Y473S,1,0.011,0.014049698
636,501C,Y473S,1,0.003666667,0.167789514
637,501C,Y473S,1,0.001222222,0.671866133
638,501C,Y473S,1,0.000407407,0.889825113
639,501C,Y473S,1,0.000135802,1.015214496
640,501C,Y473S,1,4.53E-05,0.985321472
641,501C,Y473S,1,1.51E-05,0.941015641
642,501C,Y473S,2,0.033,0.003179605
643,501C,Y473S,2,0.011,0.01270974
644,501C,Y473S,2,0.003666667,0.09887564
645,501C,Y473S,2,0.001222222,0.631885551
646,501C,Y473S,2,0.000407407,0.843310353
647,501C,Y473S,2,0.000135802,1.060668945
648,501C,Y473S,2,4.53E-05,0.988507283
649,501C,Y473S,2,1.51E-05,0.994399269
650,501C,WT,1,0.033,0.002855663
651,501C,WT,1,0.011,0.012613611
652,501C,WT,1,0.003666667,0.100176071
653,501C,WT,1,0.001222222,0.499106236
654,501C,WT,1,0.000407407,0.662184551
655,501C,WT,1,0.000135802,0.921991264
656,501C,WT,1,4.53E-05,0.950897033
657,501C,WT,1,1.51E-05,0.991985993
658,501C,WT,2,0.033,0.005009393
659,501C,WT,2,0.011,0.007161786
660,501C,WT,2,0.003666667,0.068503666
661,501C,WT,2,0.001222222,0.388405779
662,501C,WT,2,0.000407407,0.645490221
663,501C,WT,2,0.000135802,0.887419645
664,501C,WT,2,4.53E-05,0.947949039
665,501C,WT,2,1.51E-05,1.012551558