serum,ic50,ic50_bound,ic90,virus,NT50,NT90,ic50_is_bound
287C,0.0022239662782454687,interpolated,0.012253728896246773,V42F,449.647105615702,81.60781166835612,False
287C,0.0014169751282458898,interpolated,0.008040584897629028,Y200C,705.7286892804716,124.36906179485469,False
287C,0.0011802339698089646,interpolated,0.008659482287034464,N234T,847.2896269557996,115.48034476579097,False
287C,0.001323108083247024,interpolated,0.010817651407669918,R357H,755.7961535129555,92.4415071547768,False
287C,0.00036646712169211427,interpolated,0.0022381090403006594,R403K,2728.7577542635477,446.8057552127414,False
287C,0.00018478724479950226,interpolated,0.0009196963413376426,N405K,5411.628930801037,1087.315405153793,False
287C,0.0016133153105713346,interpolated,0.010102173544780864,D420N,619.8416350774376,98.98859840084958,False
287C,0.0015994450328065065,interpolated,0.009033842723583789,K444M,625.2168592785741,110.69486492048347,False
287C,0.0019120360516180644,interpolated,0.009015346062687401,L455F,523.0026908508069,110.92197604468976,False
287C,0.0014055043899057402,interpolated,0.006996153573562132,F456L,711.488350503882,142.93568451368975,False
287C,0.0012681299272206906,interpolated,0.006557464158630845,T572K,788.5627320472279,152.49797418775267,False
287C,0.0013310414811327346,interpolated,0.008916599230489777,A852V,751.2913866132753,112.15038089640272,False
287C,0.004620113228014273,interpolated,0.022821008688636873,Y473S,216.44491176892663,43.81927256782142,False
287C,0.0009236627477740162,interpolated,0.005333446331197496,WT,1082.646239019548,187.49602750300372,False
500C,0.0017943595565378806,interpolated,0.01046018405805973,V42F,557.3019054940391,95.60061223105198,False
500C,0.0003546153242873182,interpolated,0.002885405752073042,Y200C,2819.9570957902965,346.57170808006543,False
500C,0.001692478810091489,interpolated,0.009640089078284522,N234T,590.849347145412,103.73348128624892,False
500C,0.0006942806864240527,interpolated,0.005599150214027718,R357H,1440.3396487241762,178.59853045104418,False
500C,0.00015898574742075782,interpolated,0.0008474444833310693,R403K,6289.8719930755,1180.0183016936724,False
500C,9.227638752566939e-05,interpolated,0.0003284318586418373,N405K,10837.008543727621,3044.7716130076274,False
500C,0.002553982584351152,interpolated,0.011796567102291065,D420N,391.54534808781926,84.77042442337189,False
500C,0.0002861412124541093,interpolated,0.0015753932659461909,K444M,3494.777950451223,634.7621394708666,False
500C,0.0013829991520230768,interpolated,0.005809808690541855,L455F,723.0662423307934,172.12270717759804,False
500C,0.0008098671638323304,interpolated,0.0037467186603832364,F456L,1234.770397737762,266.90021072938373,False
500C,0.0007997994987814882,interpolated,0.006003275712221198,T572K,1250.3133616906757,166.57572431068678,False
500C,0.0009786664162730308,interpolated,0.00601670562403156,A852V,1021.7986265516416,166.20390999450942,False
500C,0.0013923871757099242,interpolated,0.013143141090563422,Y473S,718.1910444486382,76.08531272010653,False
500C,0.0003361840340738409,interpolated,0.0017321091241102665,WT,2974.5612481417115,577.3308309969619,False
501C,0.0048659374980693825,interpolated,0.01338005272258828,V42F,205.51024348273313,74.7381210472956,False
501C,0.0015875449675088577,interpolated,0.008212729050719956,Y200C,629.9034172047291,121.76220520903908,False
501C,0.004203706345527368,interpolated,0.015115773855453303,N234T,237.8853130556975,66.15605721299085,False
501C,0.0024291879833973884,interpolated,0.010929026189128794,R357H,411.6601954375842,91.49946049124756,False
501C,0.0005727504361338296,interpolated,0.0027872204177120403,R403K,1745.9611323042952,358.7803797809701,False
501C,0.00035990273632113893,interpolated,0.0019215699552020183,N405K,2778.5284719472274,520.407803677836,False
501C,0.0020517017481878168,interpolated,0.0065270001223208494,D420N,487.4002768108272,153.20974126846244,False
501C,0.0008747744932764817,interpolated,0.004614024314104162,K444M,1143.1517581799674,216.7305440812692,False
501C,0.0016481820899115433,interpolated,0.006032202821656722,L455F,606.7290781285393,165.77691923915677,False
501C,0.0012159588733328857,interpolated,0.004702179998181756,F456L,822.3962355396505,212.667316093106,False
501C,0.002075040174042321,interpolated,0.010130604377554985,T572K,481.91838042919966,98.71079382149847,False
501C,0.0021657977052479964,interpolated,0.007605456597678081,A852V,461.7236400135045,131.48454496542607,False
501C,0.001584831951962458,interpolated,0.00462217994212375,Y473S,630.9817257039302,216.34813281209702,False
501C,0.0008125122231100906,interpolated,0.004808477147914158,WT,1230.7507155673964,207.96605021483452,False
