virus,date,RLUperuL,target_RLU,uL_virus_per_well,dilution_factor,uL_per_8mL,media_for_8ml
10_XBB15_F456L,20230227,204309.6175,500000.0,50,20.430961749999998,391.56257536432423,7608.437424635676
11_XBB15_T572K,20230227,118886.96,500000.0,50,11.888696,672.9081137241628,7327.091886275837
12_XBB15_A852V,20230227,75684.795,500000.0,50,7.5684795,1057.0154811148,6942.9845188852
13_XBB15_Y473S,20230227,114399.6825,500000.0,50,11.43996825,699.302640110037,7300.697359889963
14_XBB15,20230227,168630.055,500000.0,50,16.8630055,474.41127858257533,7525.5887214174245
1_XBB15_V42F,20230227,45186.26857142857,500000.0,50,4.5186268571428565,1770.449353956708,6229.550646043292
2_XBB15_Y200C,20230227,69413.57142857143,500000.0,50,6.941357142857144,1152.5123740725876,6847.487625927412
3_XBB15_N234T,20230227,29395.98857142857,500000.0,50,2.939598857142857,2721.45975991282,5278.54024008718
4_XBB15_R357H,20230227,78287.55428571429,500000.0,50,7.828755428571428,1021.8737924553891,6978.126207544611
5_XBB15_R403K,20230227,355112.1828571428,500000.0,50,35.51121828571428,225.28092209154931,7774.71907790845
6_XBB15_N405K,20230227,180340.0125,500000.0,50,18.03400125,443.6064902679321,7556.393509732068
7_XBB15_D420N,20230227,96955.2675,500000.0,50,9.695526749999999,825.1227814930221,7174.877218506977
8_XBB15_K444M,20230227,168569.6775,500000.0,50,16.85696775,474.58120099921297,7525.418799000787
9_XBB15_L455F,20230227,177394.2325,500000.0,50,17.73942325,450.97294806357354,7549.027051936427
